ID,Value1,Value2,Total
2.0,10.0,20.0,32.0
2.0,15.0,23.333333333333332,40.33333333333333
4.0,11.666666666666666,30.0,45.666666666666664
