ID,Category,Value1,Value2,Total
1,A,10.0,20.0,31.0
2,B,15.0,23.333333333333332,40.33333333333333
3,A,10.0,20.0,33.0
4,C,11.666666666666666,30.0,45.666666666666664
